,date,voltage
0,2022-12-02 04:11:15.461,27.4
1,2022-12-02 04:12:17.570,27.4
2,2022-12-02 04:13:19.644,27.4
3,2022-12-02 04:14:21.748,27.4
4,2022-12-02 04:15:23.854,27.4
5,2022-12-02 04:16:25.938,27.4
6,2022-12-02 04:17:28.043,27.4
7,2022-12-02 04:18:30.140,27.4
8,2022-12-02 04:19:32.245,27.4
9,2022-12-02 04:20:34.323,27.4
10,2022-12-02 04:21:36.438,27.4
11,2022-12-02 04:22:38.539,27.4
12,2022-12-02 04:23:40.646,27.4
13,2022-12-02 04:24:42.732,27.4
14,2022-12-02 04:25:44.832,27.4
15,2022-12-02 04:26:46.927,27.4
16,2022-12-02 04:27:49.033,27.4
17,2022-12-02 04:28:51.123,27.4
18,2022-12-02 04:29:53.213,27.4
19,2022-12-02 04:30:55.302,27.4
20,2022-12-02 04:31:57.413,27.4
21,2022-12-02 04:32:59.519,27.4
22,2022-12-02 04:34:01.608,27.4
23,2022-12-02 04:35:03.707,27.4
24,2022-12-02 04:36:05.803,27.4
25,2022-12-02 04:37:07.886,27.4
26,2022-12-02 04:38:09.995,27.4
27,2022-12-02 04:39:12.084,27.4
28,2022-12-02 04:40:14.182,27.4
29,2022-12-02 04:41:16.283,27.4
30,2022-12-02 04:42:18.387,27.4
31,2022-12-02 04:43:20.521,27.4
32,2022-12-02 04:44:22.595,27.4
33,2022-12-02 04:45:24.705,27.4
34,2022-12-02 04:46:26.823,27.4
35,2022-12-02 04:47:28.927,27.4
36,2022-12-02 04:48:31.013,27.4
37,2022-12-02 04:49:33.102,27.4
38,2022-12-02 04:50:35.216,27.4
39,2022-12-02 04:51:37.298,27.4
40,2022-12-02 04:52:39.394,27.4
41,2022-12-02 04:53:41.493,27.4
42,2022-12-02 04:54:43.599,27.4
43,2022-12-02 04:55:45.697,27.4
44,2022-12-02 04:56:47.822,27.4
45,2022-12-02 04:57:49.920,27.4
46,2022-12-02 04:58:52.015,27.4
47,2022-12-02 04:59:54.122,27.4
48,2022-12-02 05:00:56.206,27.4
49,2022-12-02 05:01:58.312,27.4
50,2022-12-02 05:03:00.398,27.4
51,2022-12-02 05:04:02.490,27.4
52,2022-12-02 05:05:04.596,27.4
53,2022-12-02 05:06:06.681,27.4
54,2022-12-02 05:07:08.803,27.4
55,2022-12-02 05:08:10.934,27.4
56,2022-12-02 05:09:13.031,27.4
57,2022-12-02 05:10:15.112,27.4
58,2022-12-02 05:11:17.217,27.4
59,2022-12-02 05:12:19.307,27.4
60,2022-12-02 05:13:21.416,27.4
61,2022-12-02 05:14:23.516,27.4
62,2022-12-02 05:15:25.608,27.4
63,2022-12-02 05:16:27.702,27.4
64,2022-12-02 05:17:29.787,27.4
65,2022-12-02 05:18:31.889,27.4
66,2022-12-02 05:19:33.984,27.4
67,2022-12-02 05:20:36.098,27.4
68,2022-12-02 05:21:38.192,27.4
69,2022-12-02 05:22:40.295,27.4
70,2022-12-02 05:23:42.384,27.4
71,2022-12-02 05:24:44.475,27.4
72,2022-12-02 05:25:46.562,27.4
73,2022-12-02 05:26:48.674,27.4
74,2022-12-02 05:27:50.768,27.4
75,2022-12-02 05:28:52.883,27.4
76,2022-12-02 05:29:54.972,27.4
77,2022-12-02 05:30:57.070,27.4
78,2022-12-02 05:31:59.150,27.4
79,2022-12-02 05:33:01.245,27.4
80,2022-12-02 05:34:03.334,27.4
81,2022-12-02 05:35:05.437,27.4
82,2022-12-02 05:36:07.523,27.4
83,2022-12-02 05:37:09.618,27.4
84,2022-12-02 05:38:11.717,27.4
85,2022-12-02 05:39:13.798,27.4
86,2022-12-02 05:40:15.897,27.4
87,2022-12-02 05:41:17.988,27.4
88,2022-12-02 05:42:20.105,27.4
89,2022-12-02 05:43:22.202,27.4
90,2022-12-02 05:44:24.295,27.4
91,2022-12-02 05:45:26.392,27.4
92,2022-12-02 05:46:28.492,27.4
93,2022-12-02 05:47:30.594,27.4
94,2022-12-02 05:48:32.687,27.4
95,2022-12-02 05:49:34.784,27.4
96,2022-12-01 23:45:12.623,27.5
97,2022-12-01 23:46:14.727,27.5
98,2022-12-01 23:47:16.834,27.5
99,2022-12-01 23:48:18.937,27.5
100,2022-12-01 23:49:21.044,27.5
101,2022-12-01 23:50:23.133,27.5
102,2022-12-01 23:51:25.252,27.5
103,2022-12-01 23:52:27.363,27.5
104,2022-12-01 23:53:29.457,27.5
105,2022-12-01 23:54:31.563,27.5
106,2022-12-01 23:55:33.659,27.5
107,2022-12-01 23:56:35.763,27.5
108,2022-12-01 23:57:37.865,27.5
109,2022-12-01 23:58:39.967,27.5
110,2022-12-01 23:59:42.066,27.5
111,2022-12-02 00:00:44.176,27.5
112,2022-12-02 00:01:46.282,27.5
113,2022-12-02 00:02:48.387,27.5
114,2022-12-02 00:03:50.490,27.5
115,2022-12-02 00:04:52.592,27.5
116,2022-12-02 00:05:54.707,27.5
117,2022-12-02 00:06:56.792,27.5
118,2022-12-02 00:07:58.893,27.5
119,2022-12-02 00:09:00.989,27.5
120,2022-12-02 00:10:03.095,27.5
121,2022-12-02 00:11:05.202,27.5
122,2022-12-02 00:12:07.308,27.5
123,2022-12-02 00:13:09.414,27.5
124,2022-12-02 00:14:11.524,27.5
125,2022-12-02 00:15:13.620,27.5
126,2022-12-02 00:16:15.727,27.5
127,2022-12-02 00:17:17.838,27.5
128,2022-12-02 00:18:19.946,27.5
129,2022-12-02 00:19:22.031,27.5
130,2022-12-02 00:20:28.322,27.4
131,2022-12-02 00:21:30.423,27.4
132,2022-12-02 00:22:32.515,27.4
133,2022-12-02 00:23:34.613,27.4
134,2022-12-02 00:24:36.704,27.4
135,2022-12-02 00:25:38.795,27.4
136,2022-12-02 00:26:40.889,27.4
137,2022-12-02 00:27:42.987,27.4
138,2022-12-02 00:28:45.082,27.4
139,2022-12-02 00:29:47.173,27.4
140,2022-12-02 00:30:49.274,27.4
141,2022-12-02 00:31:51.371,27.4
142,2022-12-02 00:32:53.467,27.4
143,2022-12-02 00:33:55.556,27.4
144,2022-12-02 00:34:57.652,27.4
145,2022-12-02 00:35:59.742,27.4
146,2022-12-02 00:37:01.851,27.4
147,2022-12-02 00:38:03.945,27.4
148,2022-12-02 00:39:06.041,27.4
149,2022-12-02 00:40:08.141,27.4
150,2022-12-02 00:41:10.231,27.4
151,2022-12-02 00:42:12.321,27.4
152,2022-12-02 00:43:14.418,27.4
153,2022-12-02 00:44:16.516,27.4
154,2022-12-02 00:45:18.608,27.4
155,2022-12-02 00:46:20.706,27.4
156,2022-12-02 00:47:22.812,27.4
157,2022-12-02 00:48:24.903,27.4
158,2022-12-02 00:49:26.991,27.4
159,2022-12-02 00:50:29.110,27.4
160,2022-12-02 00:51:31.207,27.4
161,2022-12-02 00:52:33.303,27.4
162,2022-12-02 00:53:35.395,27.4
163,2022-12-02 00:54:37.484,27.4
164,2022-12-02 00:55:39.584,27.4
165,2022-12-02 00:56:41.690,27.4
166,2022-12-02 00:57:43.778,27.4
167,2022-12-02 00:58:45.886,27.4
168,2022-12-02 00:59:47.989,27.4
169,2022-12-02 01:00:50.095,27.4
170,2022-12-02 01:01:52.192,27.4
171,2022-12-02 01:02:54.282,27.4
172,2022-12-02 01:03:56.398,27.4
173,2022-12-02 01:04:58.503,27.4
174,2022-12-02 01:06:00.608,27.4
175,2022-12-02 01:07:02.712,27.4
176,2022-12-02 01:08:04.809,27.4
177,2022-12-02 01:09:06.917,27.4
178,2022-12-02 01:10:09.008,27.4
179,2022-12-02 01:11:11.100,27.4
180,2022-12-02 01:12:13.192,27.4
181,2022-12-02 01:13:15.295,27.4
182,2022-12-02 01:14:17.393,27.4
183,2022-12-02 01:15:19.492,27.4
184,2022-12-02 01:16:21.601,27.4
185,2022-12-02 01:17:23.692,27.4
186,2022-12-02 01:18:25.817,27.4
187,2022-12-02 01:19:27.898,27.4
188,2022-12-02 01:20:29.983,27.4
189,2022-12-02 01:21:32.077,27.4
190,2022-12-02 01:22:34.175,27.4
191,2022-12-02 01:23:36.279,27.4
192,2022-12-02 01:24:38.369,27.4
193,2022-12-02 01:25:40.457,27.4
194,2022-12-02 01:26:42.547,27.4
195,2022-12-02 01:27:44.651,27.4
196,2022-12-02 01:28:46.761,27.4
197,2022-12-02 01:29:48.854,27.4
198,2022-12-02 01:30:50.921,27.4
199,2022-12-02 01:31:53.016,27.4
200,2022-12-02 01:32:55.113,27.4
201,2022-12-02 01:33:57.195,27.4
202,2022-12-02 01:34:59.288,27.4
203,2022-12-02 01:36:01.388,27.4
204,2022-12-02 01:37:03.486,27.4
205,2022-12-02 01:38:05.565,27.4
206,2022-12-02 01:39:07.661,27.4
207,2022-12-02 01:40:09.750,27.4
208,2022-12-02 01:41:11.842,27.4
209,2022-12-02 01:42:13.936,27.4
210,2022-12-02 01:43:16.024,27.4
211,2022-12-02 01:44:18.113,27.4
212,2022-12-02 01:45:20.204,27.4
213,2022-12-02 01:46:22.295,27.4
214,2022-12-02 01:47:24.381,27.4
215,2022-12-02 01:48:26.467,27.4
216,2022-12-02 01:49:28.548,27.4
217,2022-12-02 01:50:30.644,27.4
218,2022-12-02 01:51:32.734,27.4
219,2022-12-02 01:52:34.823,27.4
220,2022-12-02 01:53:36.917,27.4
221,2022-12-02 01:54:39.010,27.4
222,2022-12-02 01:55:41.100,27.4
223,2022-12-02 01:56:43.203,27.4
224,2022-12-02 01:57:45.316,27.4
225,2022-12-02 01:58:47.433,27.4
226,2022-12-02 01:59:49.507,27.4
227,2022-12-02 02:00:51.605,27.4
228,2022-12-02 02:01:53.699,27.4
229,2022-12-02 02:02:55.780,27.4
230,2022-12-02 02:03:57.873,27.4
231,2022-12-02 02:04:59.977,27.4
232,2022-12-02 02:06:02.069,27.4
233,2022-12-02 02:07:04.153,27.4
234,2022-12-02 02:08:06.242,27.4
235,2022-12-02 02:09:08.337,27.4
236,2022-12-02 02:10:10.422,27.4
237,2022-12-02 02:11:12.503,27.4
238,2022-12-02 02:12:14.617,27.4
239,2022-12-02 02:13:16.719,27.4
240,2022-12-02 02:14:18.795,27.4
241,2022-12-02 02:15:20.909,27.4
242,2022-12-02 02:16:23.003,27.4
243,2022-12-02 02:17:25.090,27.4
244,2022-12-02 02:18:27.177,27.4
245,2022-12-02 02:19:29.276,27.4
246,2022-12-02 02:20:31.366,27.4
247,2022-12-02 02:21:33.456,27.4
248,2022-12-02 02:22:35.552,27.4
249,2022-12-02 02:23:37.639,27.4
250,2022-12-02 02:24:39.721,27.4
251,2022-12-02 02:25:41.812,27.4
252,2022-12-02 02:26:43.926,27.4
253,2022-12-02 02:27:46.026,27.4
254,2022-12-02 02:28:48.114,27.4
255,2022-12-02 02:29:50.206,27.4
256,2022-12-02 02:30:52.293,27.4
257,2022-12-02 02:31:54.397,27.4
258,2022-12-02 02:32:56.486,27.4
259,2022-12-02 02:33:58.588,27.4
260,2022-12-02 02:35:00.715,27.4
261,2022-12-02 02:36:02.803,27.4
262,2022-12-02 02:37:04.904,27.4
263,2022-12-02 02:38:06.991,27.4
264,2022-12-02 02:39:09.075,27.4
265,2022-12-02 02:40:11.162,27.4
266,2022-12-02 02:41:13.262,27.4
267,2022-12-02 02:42:15.356,27.4
268,2022-12-02 02:43:17.455,27.4
269,2022-12-02 02:44:19.558,27.4
270,2022-12-02 02:45:21.661,27.4
271,2022-12-02 02:46:23.746,27.4
272,2022-12-02 02:47:25.840,27.4
273,2022-12-02 02:48:27.930,27.4
274,2022-12-02 02:49:30.025,27.4
275,2022-12-02 02:50:32.114,27.4
276,2022-12-02 02:51:34.207,27.4
277,2022-12-02 02:52:36.290,27.4
278,2022-12-02 02:53:38.372,27.4
279,2022-12-02 02:54:40.460,27.4
280,2022-12-02 02:55:42.559,27.4
281,2022-12-02 02:56:44.648,27.4
282,2022-12-02 02:57:46.738,27.4
283,2022-12-02 02:58:48.837,27.4
284,2022-12-02 02:59:50.927,27.4
285,2022-12-02 03:00:53.020,27.4
286,2022-12-02 03:01:55.111,27.4
287,2022-12-02 03:02:57.197,27.4
288,2022-12-02 03:03:59.298,27.4
289,2022-12-02 03:05:01.395,27.4
290,2022-12-02 03:06:03.486,27.4
291,2022-12-02 03:07:05.574,27.4
292,2022-12-02 03:08:07.661,27.4
293,2022-12-02 03:09:09.749,27.4
294,2022-12-02 03:10:11.854,27.4
295,2022-12-02 03:11:13.948,27.4
296,2022-12-02 03:12:16.037,27.4
297,2022-12-02 03:13:18.133,27.4
298,2022-12-02 03:14:20.212,27.4
299,2022-12-02 03:15:22.297,27.4
300,2022-12-02 03:16:24.383,27.4
301,2022-12-02 03:17:26.486,27.4
302,2022-12-02 03:18:28.572,27.4
303,2022-12-02 03:19:30.657,27.4
304,2022-12-02 03:20:32.754,27.4
305,2022-12-02 03:21:34.851,27.4
306,2022-12-02 03:22:36.956,27.4
307,2022-12-02 03:23:39.048,27.4
308,2022-12-02 03:24:41.154,27.4
309,2022-12-02 03:25:43.253,27.4
310,2022-12-02 03:26:45.343,27.4
311,2022-12-02 03:27:47.441,27.4
312,2022-12-02 03:28:49.550,27.4
313,2022-12-02 03:29:51.631,27.4
314,2022-12-02 03:30:53.729,27.4
315,2022-12-02 03:31:55.816,27.4
316,2022-12-02 03:32:57.916,27.4
317,2022-12-02 03:34:00.020,27.4
318,2022-12-02 03:35:02.121,27.4
319,2022-12-02 03:36:04.221,27.4
320,2022-12-02 03:37:06.322,27.4
321,2022-12-02 03:38:08.418,27.4
322,2022-12-02 03:39:10.529,27.4
323,2022-12-02 03:40:12.613,27.4
324,2022-12-02 03:41:14.732,27.4
325,2022-12-02 03:42:16.830,27.4
326,2022-12-02 03:43:18.919,27.4
327,2022-12-02 03:44:21.009,27.4
328,2022-12-02 03:45:23.109,27.4
329,2022-12-02 03:46:25.209,27.4
330,2022-12-02 03:47:27.297,27.4
331,2022-12-02 03:48:29.385,27.4
332,2022-12-02 03:49:31.483,27.4
333,2022-12-02 03:50:33.592,27.4
334,2022-12-02 03:51:35.669,27.4
335,2022-12-02 03:52:37.770,27.4
336,2022-12-02 03:53:39.859,27.4
337,2022-12-02 03:54:41.949,27.4
338,2022-12-02 03:55:44.043,27.4
339,2022-12-02 03:56:46.144,27.4
340,2022-12-02 03:57:48.260,27.4
341,2022-12-02 03:58:50.351,27.4
342,2022-12-02 03:59:52.436,27.4
343,2022-12-02 04:00:54.533,27.4
344,2022-12-02 04:01:56.619,27.4
345,2022-12-02 04:02:58.705,27.4
346,2022-12-02 04:04:00.805,27.4
347,2022-12-02 04:05:02.909,27.4
348,2022-12-02 04:06:04.986,27.4
349,2022-12-02 04:07:07.082,27.4
350,2022-12-02 04:08:09.176,27.4
351,2022-12-02 04:09:11.268,27.4
352,2022-12-02 04:10:13.363,27.4
353,2022-12-01 15:05:36.292,27.5
354,2022-12-01 15:06:38.402,27.5
355,2022-12-01 15:07:40.513,27.5
356,2022-12-01 15:08:42.621,27.5
357,2022-12-01 15:09:44.730,27.5
358,2022-12-01 15:10:46.836,27.5
359,2022-12-01 15:11:48.940,27.5
360,2022-12-01 15:12:51.043,27.5
361,2022-12-01 15:13:53.158,27.5
362,2022-12-01 15:14:55.264,27.5
363,2022-12-01 15:15:57.374,27.5
364,2022-12-01 15:16:59.473,27.5
365,2022-12-01 15:18:01.587,27.5
366,2022-12-01 15:19:03.691,27.5
367,2022-12-01 15:20:05.793,27.5
368,2022-12-01 15:21:07.909,27.5
369,2022-12-01 15:22:10.015,27.5
370,2022-12-01 15:23:12.114,27.5
371,2022-12-01 15:24:14.215,27.5
372,2022-12-01 15:25:16.329,27.5
373,2022-12-01 15:26:18.440,27.5
374,2022-12-01 15:27:20.539,27.5
375,2022-12-01 15:28:22.642,27.5
376,2022-12-01 15:29:24.755,27.5
377,2022-12-01 15:30:26.861,27.5
378,2022-12-01 15:31:28.967,27.5
379,2022-12-01 15:32:31.077,27.5
380,2022-12-01 15:33:33.178,27.5
381,2022-12-01 15:34:35.287,27.5
382,2022-12-01 15:35:37.395,27.5
383,2022-12-01 15:36:39.500,27.5
384,2022-12-01 15:37:41.613,27.5
385,2022-12-01 15:38:43.691,27.5
386,2022-12-01 15:39:45.789,27.5
387,2022-12-01 15:40:47.894,27.5
388,2022-12-01 15:41:50.002,27.5
389,2022-12-01 15:42:52.105,27.5
390,2022-12-01 15:43:54.208,27.5
391,2022-12-01 15:44:56.309,27.5
392,2022-12-01 15:45:58.387,27.5
393,2022-12-01 15:47:00.498,27.5
394,2022-12-01 15:48:02.599,27.5
395,2022-12-01 15:49:04.707,27.5
396,2022-12-01 15:50:06.812,27.5
397,2022-12-01 15:51:08.908,27.5
398,2022-12-01 15:52:11.028,27.5
399,2022-12-01 15:53:13.133,27.5
400,2022-12-01 15:54:15.230,27.5
401,2022-12-01 15:55:17.331,27.5
402,2022-12-01 15:56:19.432,27.5
403,2022-12-01 15:57:21.534,27.5
404,2022-12-01 15:58:23.623,27.5
405,2022-12-01 15:59:25.708,27.5
406,2022-12-01 16:00:27.808,27.5
407,2022-12-01 16:01:29.913,27.5
408,2022-12-01 16:02:32.014,27.5
409,2022-12-01 16:03:34.124,27.5
410,2022-12-01 16:04:36.230,27.5
411,2022-12-01 16:05:38.334,27.5
412,2022-12-01 16:06:40.448,27.5
413,2022-12-01 16:07:42.554,27.5
414,2022-12-01 16:08:44.658,27.5
415,2022-12-01 16:09:46.762,27.5
416,2022-12-01 16:10:48.870,27.5
417,2022-12-01 16:11:50.976,27.5
418,2022-12-01 16:12:53.087,27.5
419,2022-12-01 16:13:55.192,27.5
420,2022-12-01 16:14:57.298,27.5
421,2022-12-01 16:15:59.406,27.5
422,2022-12-01 16:17:01.512,27.5
423,2022-12-01 16:18:03.613,27.5
424,2022-12-01 16:19:05.722,27.5
425,2022-12-01 16:20:07.826,27.5
426,2022-12-01 16:21:09.929,27.5
427,2022-12-01 16:22:12.037,27.5
428,2022-12-01 16:23:14.132,27.5
429,2022-12-01 16:24:16.215,27.5
430,2022-12-01 16:25:18.307,27.5
431,2022-12-01 16:26:20.416,27.5
432,2022-12-01 16:27:22.519,27.5
433,2022-12-01 16:28:24.619,27.5
434,2022-12-01 16:29:26.718,27.5
435,2022-12-01 16:30:28.822,27.5
436,2022-12-01 16:31:30.918,27.5
437,2022-12-01 16:32:33.027,27.5
438,2022-12-01 16:33:35.138,27.5
439,2022-12-01 16:34:37.242,27.5
440,2022-12-01 16:35:39.342,27.5
441,2022-12-01 16:36:41.426,27.5
442,2022-12-01 16:37:43.501,27.5
443,2022-12-01 16:38:45.604,27.5
444,2022-12-01 16:39:47.709,27.5
445,2022-12-01 16:40:49.805,27.5
446,2022-12-01 16:41:51.917,27.5
447,2022-12-01 16:42:54.022,27.5
448,2022-12-01 16:43:56.129,27.5
449,2022-12-01 16:44:58.245,27.5
450,2022-12-01 16:46:00.350,27.5
451,2022-12-01 16:47:02.454,27.5
452,2022-12-01 16:48:04.560,27.5
453,2022-12-01 16:49:06.661,27.5
454,2022-12-01 16:50:08.770,27.5
455,2022-12-01 16:51:10.873,27.5
456,2022-12-01 16:52:12.983,27.5
457,2022-12-01 16:53:15.089,27.5
458,2022-12-01 16:54:17.194,27.5
459,2022-12-01 16:55:19.294,27.5
460,2022-12-01 16:56:21.402,27.5
461,2022-12-01 16:57:23.512,27.5
462,2022-12-01 16:58:25.622,27.5
463,2022-12-01 16:59:27.725,27.5
464,2022-12-01 17:00:29.830,27.5
465,2022-12-01 17:01:31.941,27.5
466,2022-12-01 17:02:34.043,27.5
467,2022-12-01 17:03:36.150,27.5
468,2022-12-01 17:04:38.260,27.5
469,2022-12-01 17:05:40.361,27.5
470,2022-12-01 17:06:42.473,27.5
471,2022-12-01 17:07:44.574,27.5
472,2022-12-01 17:08:46.685,27.5
473,2022-12-01 17:09:48.774,27.5
474,2022-12-01 17:10:50.889,27.5
475,2022-12-01 17:11:52.991,27.5
476,2022-12-01 17:12:55.097,27.5
477,2022-12-01 17:13:57.204,27.5
478,2022-12-01 17:14:59.313,27.5
479,2022-12-01 17:16:01.425,27.5
480,2022-12-01 17:17:03.526,27.5
481,2022-12-01 17:18:05.635,27.5
482,2022-12-01 17:19:07.734,27.5
483,2022-12-01 17:20:09.840,27.5
484,2022-12-01 17:21:11.951,27.5
485,2022-12-01 17:22:14.056,27.5
486,2022-12-01 17:23:16.162,27.5
487,2022-12-01 17:24:18.268,27.5
488,2022-12-01 17:25:20.375,27.5
489,2022-12-01 17:26:22.478,27.5
490,2022-12-01 17:27:24.585,27.5
491,2022-12-01 17:28:26.695,27.5
492,2022-12-01 17:29:28.800,27.5
493,2022-12-01 17:30:30.905,27.5
494,2022-12-01 17:31:33.007,27.5
495,2022-12-01 17:32:35.119,27.5
496,2022-12-01 17:33:37.220,27.5
497,2022-12-01 17:34:39.330,27.5
498,2022-12-01 17:35:41.435,27.5
499,2022-12-01 17:36:43.543,27.5
500,2022-12-01 17:37:45.648,27.5
501,2022-12-01 17:38:47.758,27.5
502,2022-12-01 17:39:49.859,27.5
503,2022-12-01 17:40:51.972,27.5
504,2022-12-01 17:41:54.072,27.5
505,2022-12-01 17:42:56.179,27.5
506,2022-12-01 17:43:58.292,27.5
507,2022-12-01 17:45:00.377,27.5
508,2022-12-01 17:46:02.488,27.5
509,2022-12-01 17:47:04.583,27.5
510,2022-12-01 17:48:06.687,27.5
511,2022-12-01 17:49:08.795,27.5
512,2022-12-01 17:50:10.896,27.5
513,2022-12-01 17:51:12.997,27.5
514,2022-12-01 17:52:15.095,27.5
515,2022-12-01 17:53:17.207,27.5
516,2022-12-01 17:54:19.314,27.5
517,2022-12-01 17:55:21.416,27.5
518,2022-12-01 17:56:23.520,27.5
519,2022-12-01 17:57:25.632,27.5
520,2022-12-01 17:58:27.738,27.5
521,2022-12-01 17:59:29.842,27.5
522,2022-12-01 18:00:31.951,27.5
523,2022-12-01 18:01:34.059,27.5
524,2022-12-01 18:02:36.168,27.5
525,2022-12-01 18:03:38.269,27.5
526,2022-12-01 18:04:40.375,27.5
527,2022-12-01 18:05:42.475,27.5
528,2022-12-01 18:06:44.592,27.5
529,2022-12-01 18:07:46.695,27.5
530,2022-12-01 18:08:48.801,27.5
531,2022-12-01 18:09:50.906,27.5
532,2022-12-01 18:10:53.008,27.5
533,2022-12-01 18:11:55.118,27.5
534,2022-12-01 18:12:57.223,27.5
535,2022-12-01 18:13:59.332,27.5
536,2022-12-01 18:15:01.436,27.5
537,2022-12-01 18:16:03.538,27.5
538,2022-12-01 18:17:05.649,27.5
539,2022-12-01 18:18:07.758,27.5
540,2022-12-01 18:19:09.862,27.5
541,2022-12-01 18:20:11.971,27.5
542,2022-12-01 18:21:14.071,27.5
543,2022-12-01 18:22:16.177,27.5
544,2022-12-01 18:23:18.287,27.5
545,2022-12-01 18:24:20.383,27.5
546,2022-12-01 18:25:22.496,27.5
547,2022-12-01 18:26:24.605,27.5
548,2022-12-01 18:27:26.716,27.5
549,2022-12-01 18:28:28.822,27.5
550,2022-12-01 18:29:30.923,27.5
551,2022-12-01 18:30:33.033,27.5
552,2022-12-01 18:31:35.137,27.5
553,2022-12-01 18:32:37.248,27.5
554,2022-12-01 18:33:39.352,27.5
555,2022-12-01 18:34:41.451,27.5
556,2022-12-01 18:35:43.557,27.5
557,2022-12-01 18:36:45.634,27.5
558,2022-12-01 18:37:47.714,27.5
559,2022-12-01 18:38:49.815,27.5
560,2022-12-01 18:39:51.919,27.5
561,2022-12-01 18:40:54.022,27.5
562,2022-12-01 18:41:56.135,27.5
563,2022-12-01 18:42:58.236,27.5
564,2022-12-01 18:44:00.348,27.5
565,2022-12-01 18:45:02.439,27.5
566,2022-12-01 18:46:04.526,27.5
567,2022-12-01 18:47:06.632,27.5
568,2022-12-01 18:48:08.733,27.5
569,2022-12-01 18:49:10.842,27.5
570,2022-12-01 18:50:12.951,27.5
571,2022-12-01 18:51:15.055,27.5
572,2022-12-01 18:52:17.159,27.5
573,2022-12-01 18:53:19.264,27.5
574,2022-12-01 18:54:21.374,27.5
575,2022-12-01 18:55:23.477,27.5
576,2022-12-01 18:56:25.584,27.5
577,2022-12-01 18:57:27.691,27.5
578,2022-12-01 18:58:29.797,27.5
579,2022-12-01 18:59:31.898,27.5
580,2022-12-01 19:00:34.021,27.5
581,2022-12-01 19:01:36.110,27.5
582,2022-12-01 19:02:38.227,27.5
583,2022-12-01 19:03:40.335,27.5
584,2022-12-01 19:04:42.444,27.5
585,2022-12-01 19:05:44.546,27.5
586,2022-12-01 19:06:46.650,27.5
587,2022-12-01 19:07:48.755,27.5
588,2022-12-01 19:08:50.863,27.5
589,2022-12-01 19:09:52.971,27.5
590,2022-12-01 19:10:55.077,27.5
591,2022-12-01 19:11:57.182,27.5
592,2022-12-01 19:12:59.289,27.5
593,2022-12-01 19:14:01.401,27.5
594,2022-12-01 19:15:03.507,27.5
595,2022-12-01 19:16:05.608,27.5
596,2022-12-01 19:17:07.714,27.5
597,2022-12-01 19:18:09.824,27.5
598,2022-12-01 19:19:11.928,27.5
599,2022-12-01 19:20:14.032,27.5
600,2022-12-01 19:20:53.369,27.8
601,2022-12-01 19:21:16.142,27.8
602,2022-12-01 19:21:32.703,28.1
603,2022-12-01 19:21:53.407,28.4
604,2022-12-01 19:22:18.251,28.6
605,2022-12-01 19:22:30.671,28.7
606,2022-12-01 19:23:20.356,28.8
607,2022-12-01 19:24:22.456,28.8
608,2022-12-01 19:25:24.552,28.8
609,2022-12-01 19:26:26.660,28.9
610,2022-12-01 19:26:37.010,29.0
611,2022-12-01 19:27:28.776,29.2
612,2022-12-01 19:27:45.339,29.3
613,2022-12-01 19:28:30.872,29.3
614,2022-12-01 19:29:32.992,29.3
615,2022-12-01 19:30:35.100,29.3
616,2022-12-01 19:31:37.205,29.3
617,2022-12-01 19:32:39.310,29.3
618,2022-12-01 19:33:41.412,29.3
619,2022-12-01 19:34:43.518,29.3
620,2022-12-01 19:35:45.623,29.2
621,2022-12-01 19:36:47.738,29.2
622,2022-12-01 19:37:49.842,29.2
623,2022-12-01 19:38:51.950,29.1
624,2022-12-01 19:39:54.055,28.5
625,2022-12-01 19:40:56.161,28.3
626,2022-12-01 19:41:58.268,28.3
627,2022-12-01 19:43:00.372,28.4
628,2022-12-01 19:44:02.477,28.5
629,2022-12-01 19:45:04.582,28.6
630,2022-12-01 19:46:06.686,28.8
631,2022-12-01 19:47:08.800,28.9
632,2022-12-01 19:48:10.908,29.0
633,2022-12-01 19:49:13.013,29.0
634,2022-12-01 19:50:15.116,29.2
635,2022-12-01 19:51:17.225,29.3
636,2022-12-01 19:52:19.328,29.3
637,2022-12-01 19:53:21.426,29.0
638,2022-12-01 19:54:23.513,28.7
639,2022-12-01 19:55:25.613,28.2
640,2022-12-01 19:56:27.722,28.3
641,2022-12-01 19:57:29.826,28.0
642,2022-12-01 19:58:31.933,27.5
643,2022-12-01 19:59:34.035,27.5
644,2022-12-01 20:00:36.141,27.5
645,2022-12-01 20:01:38.240,27.6
646,2022-12-01 20:02:40.348,28.5
647,2022-12-01 20:03:42.458,28.7
648,2022-12-01 20:04:44.557,28.8
649,2022-12-01 20:05:46.668,29.0
650,2022-12-01 20:06:48.775,29.2
651,2022-12-01 20:07:50.881,28.0
652,2022-12-01 20:08:52.987,28.1
653,2022-12-01 20:09:55.096,28.1
654,2022-12-01 20:10:57.196,28.0
655,2022-12-01 20:11:59.304,28.0
656,2022-12-01 20:13:01.411,28.0
657,2022-12-01 20:14:03.520,28.0
658,2022-12-01 20:15:05.621,28.1
659,2022-12-01 20:16:07.727,28.1
660,2022-12-01 20:17:09.834,28.1
661,2022-12-01 20:18:11.941,28.1
662,2022-12-01 20:19:14.048,28.1
663,2022-12-01 20:20:16.142,28.1
664,2022-12-01 20:21:18.254,28.1
665,2022-12-01 20:22:20.359,28.1
666,2022-12-01 20:23:22.451,28.0
667,2022-12-01 20:24:24.544,28.0
668,2022-12-01 20:25:26.647,28.0
669,2022-12-01 20:26:28.749,28.1
670,2022-12-01 20:27:30.858,28.1
671,2022-12-01 20:28:32.958,28.1
672,2022-12-01 20:29:35.068,28.1
673,2022-12-01 20:30:37.166,28.0
674,2022-12-01 20:31:39.279,28.1
675,2022-12-01 20:32:41.383,28.1
676,2022-12-01 20:33:43.494,28.1
677,2022-12-01 20:34:45.602,28.1
678,2022-12-01 20:35:47.697,28.1
679,2022-12-01 20:36:49.770,28.0
680,2022-12-01 20:37:51.850,28.0
681,2022-12-01 20:38:53.955,28.0
682,2022-12-01 20:39:56.056,28.1
683,2022-12-01 20:40:58.168,28.1
684,2022-12-01 20:42:00.271,28.1
685,2022-12-01 20:43:02.374,28.1
686,2022-12-01 20:44:04.483,28.0
687,2022-12-01 20:45:06.593,28.0
688,2022-12-01 20:46:08.697,28.0
689,2022-12-01 20:47:10.801,28.1
690,2022-12-01 20:48:12.908,28.1
691,2022-12-01 20:49:15.014,28.1
692,2022-12-01 20:50:17.107,28.1
693,2022-12-01 20:51:19.226,28.0
694,2022-12-01 20:52:21.325,28.0
695,2022-12-01 20:53:23.432,28.0
696,2022-12-01 20:54:25.542,28.0
697,2022-12-01 20:55:27.644,28.0
698,2022-12-01 20:56:29.753,28.0
699,2022-12-01 20:57:31.865,28.0
700,2022-12-01 20:58:33.971,28.0
701,2022-12-01 20:59:36.079,28.0
702,2022-12-01 21:00:38.179,28.0
703,2022-12-01 21:01:40.290,28.0
704,2022-12-01 21:02:42.393,28.0
705,2022-12-01 21:03:44.501,28.0
706,2022-12-01 21:04:46.603,28.0
707,2022-12-01 21:05:48.712,28.0
708,2022-12-01 21:06:50.818,28.1
709,2022-12-01 21:07:52.923,28.1
710,2022-12-01 21:08:55.026,28.1
711,2022-12-01 21:09:57.118,28.1
712,2022-12-01 21:10:59.218,28.1
713,2022-12-01 21:12:01.321,28.1
714,2022-12-01 21:13:03.409,28.1
715,2022-12-01 21:14:05.524,28.1
716,2022-12-01 21:15:07.632,28.1
717,2022-12-01 21:16:09.733,28.0
718,2022-12-01 21:17:11.837,28.0
719,2022-12-01 21:18:13.948,28.0
720,2022-12-01 21:19:16.046,28.1
721,2022-12-01 21:20:18.121,28.1
722,2022-12-01 21:21:20.230,28.0
723,2022-12-01 21:22:22.339,28.0
724,2022-12-01 21:23:24.437,28.0
725,2022-12-01 21:24:26.549,28.0
726,2022-12-01 21:25:28.649,28.0
727,2022-12-01 21:26:30.758,28.1
728,2022-12-01 21:27:32.862,28.1
729,2022-12-01 21:28:34.975,28.1
730,2022-12-01 21:29:37.067,28.1
731,2022-12-01 21:30:39.168,28.0
732,2022-12-01 21:31:41.269,28.0
733,2022-12-01 21:32:43.372,28.0
734,2022-12-01 21:33:45.456,28.1
735,2022-12-01 21:34:47.562,28.1
736,2022-12-01 21:35:49.654,28.1
737,2022-12-01 21:36:51.758,28.0
738,2022-12-01 21:37:53.859,28.0
739,2022-12-01 21:38:55.961,28.0
740,2022-12-01 21:39:58.066,28.0
741,2022-12-01 21:41:00.175,27.5
742,2022-12-01 21:42:02.281,27.5
743,2022-12-01 21:43:04.380,27.5
744,2022-12-01 21:44:06.498,27.5
745,2022-12-01 21:45:08.603,27.5
746,2022-12-01 21:46:10.702,27.5
747,2022-12-01 21:47:12.787,27.5
748,2022-12-01 21:48:14.876,27.5
749,2022-12-01 21:49:16.968,27.6
750,2022-12-01 21:50:19.069,27.6
751,2022-12-01 21:51:21.163,27.5
752,2022-12-01 21:52:23.272,27.5
753,2022-12-01 21:53:25.377,27.5
754,2022-12-01 21:54:27.486,27.5
755,2022-12-01 21:55:29.591,27.5
756,2022-12-01 21:56:31.696,27.5
757,2022-12-01 21:57:33.801,27.5
758,2022-12-01 21:58:35.909,27.5
759,2022-12-01 21:59:38.016,27.5
760,2022-12-01 22:00:40.120,27.5
761,2022-12-01 22:01:42.230,27.5
762,2022-12-01 22:02:44.332,27.5
763,2022-12-01 22:03:46.443,27.6
764,2022-12-01 22:04:48.547,28.0
765,2022-12-01 22:05:50.655,28.1
766,2022-12-01 22:06:52.765,28.1
767,2022-12-01 22:07:54.868,28.1
768,2022-12-01 22:08:56.977,28.1
769,2022-12-01 22:09:59.083,28.1
770,2022-12-01 22:11:01.189,28.1
771,2022-12-01 22:12:03.289,28.1
772,2022-12-01 22:13:05.402,28.1
773,2022-12-01 22:14:07.508,28.1
774,2022-12-01 22:15:09.618,28.1
775,2022-12-01 22:16:11.719,28.1
776,2022-12-01 22:17:13.826,28.1
777,2022-12-01 22:18:15.933,28.0
778,2022-12-01 22:19:18.034,28.0
779,2022-12-01 22:20:20.140,28.1
780,2022-12-01 22:21:22.235,28.1
781,2022-12-01 22:22:24.320,28.1
782,2022-12-01 22:23:26.424,28.0
783,2022-12-01 22:24:28.520,28.0
784,2022-12-01 22:25:30.614,28.0
785,2022-12-01 22:26:32.718,28.0
786,2022-12-01 22:27:34.821,28.0
787,2022-12-01 22:28:36.924,28.0
788,2022-12-01 22:29:39.020,28.0
789,2022-12-01 22:30:41.130,28.0
790,2022-12-01 22:31:43.240,28.0
791,2022-12-01 22:32:45.342,28.0
792,2022-12-01 22:33:47.447,28.0
793,2022-12-01 22:34:49.557,28.0
794,2022-12-01 22:35:51.664,28.0
795,2022-12-01 22:36:53.769,28.0
796,2022-12-01 22:37:55.876,28.0
797,2022-12-01 22:38:57.974,28.0
798,2022-12-01 22:40:00.057,28.0
799,2022-12-01 22:41:02.161,28.0
800,2022-12-01 22:42:04.262,28.0
801,2022-12-01 22:43:06.373,28.0
802,2022-12-01 22:44:08.477,28.0
803,2022-12-01 22:45:10.590,28.0
804,2022-12-01 22:46:12.698,28.0
805,2022-12-01 22:47:14.803,28.0
806,2022-12-01 22:48:16.908,28.0
807,2022-12-01 22:49:19.015,28.0
808,2022-12-01 22:50:21.111,28.0
809,2022-12-01 22:51:23.191,28.0
810,2022-12-01 22:52:25.284,28.0
811,2022-12-01 22:53:27.385,28.0
812,2022-12-01 22:54:29.488,28.0
813,2022-12-01 22:55:31.582,27.5
814,2022-12-01 22:56:33.689,27.5
815,2022-12-01 22:57:35.792,27.5
816,2022-12-01 22:58:37.902,27.5
817,2022-12-01 22:59:40.007,27.5
818,2022-12-01 23:00:42.112,27.5
819,2022-12-01 23:01:44.217,27.5
820,2022-12-01 23:02:46.324,27.5
821,2022-12-01 23:03:48.431,27.5
822,2022-12-01 23:04:50.520,27.5
823,2022-12-01 23:05:52.624,27.5
824,2022-12-01 23:06:54.719,27.5
825,2022-12-01 23:07:56.825,27.5
826,2022-12-01 23:08:58.930,27.5
827,2022-12-01 23:10:01.028,27.5
828,2022-12-01 23:11:03.133,27.5
829,2022-12-01 23:12:05.244,27.5
830,2022-12-01 23:13:07.353,27.5
831,2022-12-01 23:14:09.462,27.5
832,2022-12-01 23:15:11.566,27.5
833,2022-12-01 23:16:13.674,27.5
834,2022-12-01 23:17:15.783,27.5
835,2022-12-01 23:18:17.893,27.5
836,2022-12-01 23:19:19.995,27.5
837,2022-12-01 23:20:22.102,27.5
838,2022-12-01 23:21:24.210,27.5
839,2022-12-01 23:22:26.317,27.5
840,2022-12-01 23:23:28.421,27.5
841,2022-12-01 23:24:30.526,27.5
842,2022-12-01 23:25:32.611,27.5
843,2022-12-01 23:26:34.696,27.5
844,2022-12-01 23:27:36.809,27.5
845,2022-12-01 23:28:38.911,27.5
846,2022-12-01 23:29:41.011,27.5
847,2022-12-01 23:30:43.120,27.5
848,2022-12-01 23:31:45.234,27.5
849,2022-12-01 23:32:47.339,27.5
850,2022-12-01 23:33:49.444,27.5
851,2022-12-01 23:34:51.550,27.5
852,2022-12-01 23:35:53.654,27.5
853,2022-12-01 23:36:55.764,27.5
854,2022-12-01 23:37:57.873,27.5
855,2022-12-01 23:38:59.974,27.5
856,2022-12-01 23:40:02.079,27.5
857,2022-12-01 23:41:04.192,27.5
858,2022-12-01 23:42:06.294,27.5
859,2022-12-01 23:43:08.407,27.5
860,2022-12-01 23:44:10.514,27.5
861,2022-12-01 06:31:05.877,25.4
862,2022-12-01 06:32:07.979,25.3
863,2022-12-01 06:33:10.070,25.3
864,2022-12-01 06:34:12.163,25.4
865,2022-12-01 06:35:14.249,25.4
866,2022-12-01 06:36:16.345,24.9
867,2022-12-01 06:37:18.422,25.4
868,2022-12-01 06:38:20.515,25.3
869,2022-12-01 06:39:22.590,25.4
870,2022-12-01 06:40:24.686,25.3
871,2022-12-01 06:41:26.779,25.3
872,2022-12-01 06:42:28.865,25.3
873,2022-12-01 06:43:30.947,24.9
874,2022-12-01 06:44:33.032,25.4
875,2022-12-01 06:45:35.121,25.3
876,2022-12-01 06:46:37.206,25.4
877,2022-12-01 06:47:39.293,25.3
878,2022-12-01 06:48:41.387,25.4
879,2022-12-01 06:49:43.480,25.3
880,2022-12-01 06:50:45.563,24.9
881,2022-12-01 06:51:47.645,25.4
882,2022-12-01 06:52:49.730,25.4
883,2022-12-01 06:53:51.822,25.3
884,2022-12-01 06:54:53.902,25.3
885,2022-12-01 06:55:55.994,25.4
886,2022-12-01 06:56:58.079,25.3
887,2022-12-01 06:58:00.163,25.0
888,2022-12-01 06:59:02.249,25.4
889,2022-12-01 07:00:08.436,24.8
890,2022-12-01 07:01:10.627,24.4
891,2022-12-01 07:31:37.043,27.5
892,2022-12-01 07:32:14.308,27.5
893,2022-12-01 07:33:16.420,27.5
894,2022-12-01 07:34:18.519,27.5
895,2022-12-01 07:35:20.632,27.5
896,2022-12-01 07:36:22.739,27.5
897,2022-12-01 07:37:24.832,27.5
898,2022-12-01 07:38:26.930,27.5
899,2022-12-01 07:39:29.034,27.5
900,2022-12-01 07:40:31.140,27.5
901,2022-12-01 07:41:33.247,27.5
902,2022-12-01 07:42:35.357,27.5
903,2022-12-01 07:43:37.472,27.5
904,2022-12-01 07:44:39.575,27.5
905,2022-12-01 07:45:41.676,27.5
906,2022-12-01 07:46:43.785,27.5
907,2022-12-01 07:47:45.892,27.5
908,2022-12-01 07:48:48.006,27.5
909,2022-12-01 07:49:50.115,27.5
910,2022-12-01 07:50:52.219,27.5
911,2022-12-01 07:51:54.335,27.5
912,2022-12-01 07:52:56.441,27.5
913,2022-12-01 07:53:58.546,27.5
914,2022-12-01 07:55:00.648,27.5
915,2022-12-01 07:56:02.758,27.5
916,2022-12-01 07:57:04.869,27.5
917,2022-12-01 07:58:06.977,27.5
918,2022-12-01 07:59:09.090,27.5
919,2022-12-01 08:00:11.194,27.5
920,2022-12-01 08:01:13.300,27.5
921,2022-12-01 08:02:15.412,27.5
922,2022-12-01 08:03:17.518,27.5
923,2022-12-01 08:04:19.623,27.5
924,2022-12-01 08:05:21.732,27.5
925,2022-12-01 08:06:23.838,27.5
926,2022-12-01 08:07:25.935,27.5
927,2022-12-01 08:08:28.049,27.5
928,2022-12-01 08:09:30.153,27.5
929,2022-12-01 08:10:32.262,27.5
930,2022-12-01 08:11:34.364,27.5
931,2022-12-01 08:12:36.472,27.5
932,2022-12-01 08:13:38.581,27.5
933,2022-12-01 08:14:40.688,27.5
934,2022-12-01 08:15:42.795,27.5
935,2022-12-01 08:16:44.901,27.5
936,2022-12-01 08:17:47.004,27.5
937,2022-12-01 08:18:49.110,27.5
938,2022-12-01 08:19:51.216,27.5
939,2022-12-01 08:20:53.327,27.5
940,2022-12-01 08:21:55.430,27.5
941,2022-12-01 08:22:57.534,27.5
942,2022-12-01 08:23:59.642,27.5
943,2022-12-01 08:25:01.748,27.5
944,2022-12-01 08:26:03.852,27.5
945,2022-12-01 08:27:05.959,27.5
946,2022-12-01 08:28:08.067,27.5
947,2022-12-01 08:29:10.175,27.5
948,2022-12-01 08:30:12.277,27.5
949,2022-12-01 08:31:14.390,27.5
950,2022-12-01 08:32:16.491,27.5
951,2022-12-01 08:33:18.593,27.5
952,2022-12-01 08:34:20.704,27.5
953,2022-12-01 08:35:22.813,27.5
954,2022-12-01 08:36:24.919,27.5
955,2022-12-01 08:37:27.024,27.5
956,2022-12-01 08:38:29.122,27.5
957,2022-12-01 08:39:31.230,27.5
958,2022-12-01 08:40:33.342,27.5
959,2022-12-01 08:41:35.447,27.5
960,2022-12-01 08:42:37.554,27.5
961,2022-12-01 08:43:39.651,27.5
962,2022-12-01 08:44:41.744,27.5
963,2022-12-01 08:45:43.849,27.5
964,2022-12-01 08:46:45.943,27.5
965,2022-12-01 08:47:48.051,27.5
966,2022-12-01 08:48:50.156,27.5
967,2022-12-01 08:49:52.259,27.5
968,2022-12-01 08:50:54.365,27.5
969,2022-12-01 08:51:56.477,27.5
970,2022-12-01 08:52:58.581,27.5
971,2022-12-01 08:54:00.691,27.5
972,2022-12-01 08:55:02.791,27.5
973,2022-12-01 08:56:04.900,27.5
974,2022-12-01 08:57:07.007,27.5
975,2022-12-01 08:58:09.114,27.5
976,2022-12-01 08:59:11.212,27.5
977,2022-12-01 09:00:13.326,27.5
978,2022-12-01 09:01:15.434,27.5
979,2022-12-01 09:02:17.539,27.5
980,2022-12-01 09:03:19.648,27.5
981,2022-12-01 09:04:21.754,27.5
982,2022-12-01 09:05:23.859,27.5
983,2022-12-01 09:06:25.966,27.5
984,2022-12-01 09:07:28.056,27.5
985,2022-12-01 09:08:30.155,27.5
986,2022-12-01 09:09:32.257,27.5
987,2022-12-01 09:10:34.360,27.5
988,2022-12-01 09:11:36.462,27.5
989,2022-12-01 09:12:38.568,27.5
990,2022-12-01 09:13:40.673,27.5
991,2022-12-01 09:14:42.780,27.5
992,2022-12-01 09:15:44.884,27.5
993,2022-12-01 09:16:47.000,27.5
994,2022-12-01 09:17:49.109,27.5
995,2022-12-01 09:18:51.214,27.5
996,2022-12-01 09:19:53.318,27.5
997,2022-12-01 09:20:55.419,27.5
998,2022-12-01 09:21:57.526,27.5
999,2022-12-01 09:22:59.638,27.5
1000,2022-12-01 09:24:01.736,27.5
1001,2022-12-01 09:25:03.831,27.5
1002,2022-12-01 09:26:05.932,27.5
1003,2022-12-01 09:27:08.041,27.5
1004,2022-12-01 09:28:10.138,27.5
1005,2022-12-01 09:29:12.234,27.5
1006,2022-12-01 09:30:14.342,27.5
1007,2022-12-01 09:31:16.444,27.5
1008,2022-12-01 09:32:18.558,27.5
1009,2022-12-01 09:33:20.640,27.5
1010,2022-12-01 09:34:22.744,27.5
1011,2022-12-01 09:35:24.844,27.5
1012,2022-12-01 09:36:26.947,27.5
1013,2022-12-01 09:37:29.046,27.5
1014,2022-12-01 09:38:31.153,27.5
1015,2022-12-01 09:39:33.245,27.5
1016,2022-12-01 09:40:35.333,27.5
1017,2022-12-01 09:41:37.430,27.5
1018,2022-12-01 09:42:39.543,27.5
1019,2022-12-01 09:43:41.651,27.5
1020,2022-12-01 09:44:43.757,27.5
1021,2022-12-01 09:45:45.859,27.5
1022,2022-12-01 09:46:47.963,27.5
1023,2022-12-01 09:47:50.077,27.5
1024,2022-12-01 09:48:52.183,27.5
1025,2022-12-01 09:49:54.290,27.5
1026,2022-12-01 09:50:56.393,27.5
1027,2022-12-01 09:51:58.498,27.5
1028,2022-12-01 09:53:00.615,27.5
1029,2022-12-01 09:54:02.718,27.5
1030,2022-12-01 09:55:04.827,27.5
1031,2022-12-01 09:56:06.928,27.5
1032,2022-12-01 09:57:09.036,27.5
1033,2022-12-01 09:58:11.143,27.5
1034,2022-12-01 09:59:13.252,27.5
1035,2022-12-01 10:00:15.345,27.5
1036,2022-12-01 10:01:17.429,27.5
1037,2022-12-01 10:02:19.527,27.5
1038,2022-12-01 10:03:21.640,27.5
1039,2022-12-01 10:04:23.747,27.5
1040,2022-12-01 10:05:25.852,27.5
1041,2022-12-01 10:06:27.956,27.5
1042,2022-12-01 10:07:30.064,27.5
1043,2022-12-01 10:08:32.168,27.5
1044,2022-12-01 10:09:34.274,27.5
1045,2022-12-01 10:10:36.376,27.5
1046,2022-12-01 10:11:38.474,27.5
1047,2022-12-01 10:12:40.586,27.5
1048,2022-12-01 10:13:42.679,27.5
1049,2022-12-01 10:14:44.781,27.5
1050,2022-12-01 10:15:46.879,27.5
1051,2022-12-01 10:16:48.990,27.5
1052,2022-12-01 10:17:51.095,27.5
1053,2022-12-01 10:18:53.196,27.5
1054,2022-12-01 10:19:55.308,27.5
1055,2022-12-01 10:20:57.417,27.5
1056,2022-12-01 10:21:59.518,27.5
1057,2022-12-01 10:23:01.626,27.5
1058,2022-12-01 10:24:03.735,27.5
1059,2022-12-01 10:25:05.831,27.5
1060,2022-12-01 10:26:07.949,27.5
1061,2022-12-01 10:27:10.052,27.5
1062,2022-12-01 10:28:12.155,27.5
1063,2022-12-01 10:29:14.263,27.5
1064,2022-12-01 10:30:16.372,27.5
1065,2022-12-01 10:31:18.480,27.5
1066,2022-12-01 10:32:20.584,27.5
1067,2022-12-01 10:33:22.689,27.5
1068,2022-12-01 10:34:24.795,27.5
1069,2022-12-01 10:35:26.898,27.5
1070,2022-12-01 10:36:28.998,27.5
1071,2022-12-01 10:37:31.111,27.5
1072,2022-12-01 10:38:33.224,27.5
1073,2022-12-01 10:39:35.323,27.5
1074,2022-12-01 10:40:37.428,27.5
1075,2022-12-01 10:41:39.535,27.5
1076,2022-12-01 10:42:41.642,27.5
1077,2022-12-01 10:43:43.756,27.5
1078,2022-12-01 10:44:45.864,27.5
1079,2022-12-01 10:45:47.968,27.5
1080,2022-12-01 10:46:50.066,27.5
1081,2022-12-01 10:47:52.181,27.5
1082,2022-12-01 10:48:54.283,27.5
1083,2022-12-01 10:49:56.392,27.5
1084,2022-12-01 10:50:58.498,27.5
1085,2022-12-01 10:52:00.607,27.5
1086,2022-12-01 10:53:02.706,27.5
1087,2022-12-01 10:54:04.815,27.5
1088,2022-12-01 10:55:06.906,27.5
1089,2022-12-01 10:56:09.026,27.5
1090,2022-12-01 10:57:11.134,27.5
1091,2022-12-01 10:58:13.235,27.5
1092,2022-12-01 10:59:15.348,27.5
1093,2022-12-01 11:00:17.452,27.5
1094,2022-12-01 11:01:19.559,27.5
1095,2022-12-01 11:02:21.665,27.5
1096,2022-12-01 11:03:23.771,27.5
1097,2022-12-01 11:04:25.873,27.5
1098,2022-12-01 11:05:27.989,27.5
1099,2022-12-01 11:06:30.090,27.5
1100,2022-12-01 11:07:32.195,27.5
1101,2022-12-01 11:08:34.301,27.5
1102,2022-12-01 11:09:36.409,27.5
1103,2022-12-01 11:10:38.517,27.5
1104,2022-12-01 11:11:40.618,27.5
1105,2022-12-01 11:12:42.731,27.5
1106,2022-12-01 11:13:44.832,27.5
1107,2022-12-01 11:14:46.936,27.5
1108,2022-12-01 11:15:49.051,27.5
1109,2022-12-01 11:16:51.151,27.5
1110,2022-12-01 11:17:53.263,27.5
1111,2022-12-01 11:18:55.359,27.5
1112,2022-12-01 11:19:57.449,27.5
1113,2022-12-01 11:20:59.548,27.5
1114,2022-12-01 11:22:01.650,27.5
1115,2022-12-01 11:23:03.758,27.5
1116,2022-12-01 11:24:05.865,27.5
1117,2022-12-01 11:25:07.970,27.5
1118,2022-12-01 11:26:10.069,27.5
1119,2022-12-01 11:27:12.182,27.5
1120,2022-12-01 11:28:14.289,27.5
1121,2022-12-01 11:29:16.393,27.5
1122,2022-12-01 11:30:18.501,27.5
1123,2022-12-01 11:31:20.604,27.5
1124,2022-12-01 11:32:22.709,27.5
1125,2022-12-01 11:33:24.814,27.5
1126,2022-12-01 11:34:26.918,27.5
1127,2022-12-01 11:35:29.027,27.5
1128,2022-12-01 11:36:31.129,27.5
1129,2022-12-01 11:37:33.232,27.5
1130,2022-12-01 11:38:35.348,27.5
1131,2022-12-01 11:39:37.458,27.5
1132,2022-12-01 11:40:39.559,27.5
1133,2022-12-01 11:41:41.669,27.5
1134,2022-12-01 11:42:43.776,27.5
1135,2022-12-01 11:43:45.887,27.5
1136,2022-12-01 11:44:47.989,27.5
1137,2022-12-01 11:45:50.107,27.5
1138,2022-12-01 11:46:52.216,27.5
1139,2022-12-01 11:47:54.324,27.5
1140,2022-12-01 11:48:56.425,27.5
1141,2022-12-01 11:49:58.529,27.5
1142,2022-12-01 11:51:00.636,27.5
1143,2022-12-01 11:52:02.741,27.5
1144,2022-12-01 11:53:04.845,27.5
1145,2022-12-01 11:54:06.945,27.5
1146,2022-12-01 11:55:09.037,27.5
1147,2022-12-01 11:56:11.135,27.5
1148,2022-12-01 11:57:13.244,27.5
1149,2022-12-01 11:58:15.343,27.5
1150,2022-12-01 11:59:17.458,27.5
1151,2022-12-01 12:00:19.565,27.5
1152,2022-12-01 12:01:21.643,27.5
1153,2022-12-01 12:02:23.744,27.5
1154,2022-12-01 12:03:25.843,27.5
1155,2022-12-01 12:04:27.953,27.5
1156,2022-12-01 12:05:30.053,27.5
1157,2022-12-01 12:06:32.159,27.5
1158,2022-12-01 12:07:34.270,27.5
1159,2022-12-01 12:08:36.381,27.5
1160,2022-12-01 12:09:38.480,27.5
1161,2022-12-01 12:10:40.593,27.5
1162,2022-12-01 12:11:42.696,27.5
1163,2022-12-01 12:12:44.807,27.5
1164,2022-12-01 12:13:46.916,27.5
1165,2022-12-01 12:14:49.016,27.5
1166,2022-12-01 12:15:51.126,27.5
1167,2022-12-01 12:16:53.232,27.5
1168,2022-12-01 12:17:55.345,27.5
1169,2022-12-01 12:18:57.450,27.5
1170,2022-12-01 12:19:59.561,27.5
1171,2022-12-01 12:21:01.671,27.5
1172,2022-12-01 12:22:03.774,27.5
1173,2022-12-01 12:23:05.877,27.5
1174,2022-12-01 12:24:07.983,27.5
1175,2022-12-01 12:25:10.092,27.5
1176,2022-12-01 12:26:12.195,27.5
1177,2022-12-01 12:27:14.302,27.5
1178,2022-12-01 12:28:16.406,27.5
1179,2022-12-01 12:29:18.513,27.5
1180,2022-12-01 12:30:20.626,27.5
1181,2022-12-01 12:31:22.725,27.5
1182,2022-12-01 12:32:24.832,27.5
1183,2022-12-01 12:33:26.939,27.5
1184,2022-12-01 12:34:29.045,27.5
1185,2022-12-01 12:35:31.151,27.5
1186,2022-12-01 12:36:33.249,27.5
1187,2022-12-01 12:37:35.366,27.5
1188,2022-12-01 12:38:37.469,27.5
1189,2022-12-01 12:39:39.571,27.5
1190,2022-12-01 12:40:41.681,27.5
1191,2022-12-01 12:41:43.790,27.5
1192,2022-12-01 12:42:45.895,27.5
1193,2022-12-01 12:43:48.000,27.5
1194,2022-12-01 12:44:50.108,27.5
1195,2022-12-01 12:45:52.209,27.5
1196,2022-12-01 12:46:54.312,27.5
1197,2022-12-01 12:47:56.421,27.5
1198,2022-12-01 12:48:58.522,27.5
1199,2022-12-01 12:50:00.641,27.5
1200,2022-12-01 12:51:02.750,27.5
1201,2022-12-01 12:52:04.848,27.5
1202,2022-12-01 12:53:06.958,27.5
1203,2022-12-01 12:54:09.062,27.5
1204,2022-12-01 12:55:11.168,27.5
1205,2022-12-01 12:56:13.275,27.5
1206,2022-12-01 12:57:15.377,27.5
1207,2022-12-01 12:58:17.484,27.5
1208,2022-12-01 12:59:19.591,27.5
1209,2022-12-01 13:00:21.698,27.5
1210,2022-12-01 13:01:23.805,27.5
1211,2022-12-01 13:02:25.913,27.5
1212,2022-12-01 13:03:28.019,27.5
1213,2022-12-01 13:04:30.118,27.5
1214,2022-12-01 13:05:32.232,27.5
1215,2022-12-01 13:06:34.334,27.5
1216,2022-12-01 13:07:36.438,27.5
1217,2022-12-01 13:08:38.545,27.5
1218,2022-12-01 13:09:40.649,27.5
1219,2022-12-01 13:10:42.755,27.5
1220,2022-12-01 13:11:44.862,27.5
1221,2022-12-01 13:12:46.967,27.5
1222,2022-12-01 13:13:49.078,27.5
1223,2022-12-01 13:14:51.183,27.5
1224,2022-12-01 13:15:53.289,27.5
1225,2022-12-01 13:16:55.399,27.5
1226,2022-12-01 13:17:57.507,27.5
1227,2022-12-01 13:18:59.612,27.5
1228,2022-12-01 13:20:01.718,27.5
1229,2022-12-01 13:21:03.820,27.5
1230,2022-12-01 13:22:05.925,27.5
1231,2022-12-01 13:23:08.045,27.5
1232,2022-12-01 13:24:10.153,27.5
1233,2022-12-01 13:25:12.259,27.5
1234,2022-12-01 13:26:14.365,27.5
1235,2022-12-01 13:27:16.472,27.5
1236,2022-12-01 13:28:18.580,27.5
1237,2022-12-01 13:29:20.685,27.5
1238,2022-12-01 13:30:22.792,27.5
1239,2022-12-01 13:31:24.905,27.5
1240,2022-12-01 13:32:27.013,27.5
1241,2022-12-01 13:33:29.112,27.5
1242,2022-12-01 13:34:31.222,27.5
1243,2022-12-01 13:35:33.317,27.5
1244,2022-12-01 13:36:35.430,27.5
1245,2022-12-01 13:37:37.535,27.5
1246,2022-12-01 13:38:39.648,27.5
1247,2022-12-01 13:39:41.747,27.5
1248,2022-12-01 13:40:43.854,27.5
1249,2022-12-01 13:41:45.955,27.5
1250,2022-12-01 13:42:48.064,27.5
1251,2022-12-01 13:43:50.176,27.5
1252,2022-12-01 13:44:52.286,27.5
1253,2022-12-01 13:45:54.383,27.5
1254,2022-12-01 13:46:56.499,27.5
1255,2022-12-01 13:47:58.602,27.5
1256,2022-12-01 13:49:00.701,27.5
1257,2022-12-01 13:50:02.808,27.5
1258,2022-12-01 13:51:04.892,27.5
1259,2022-12-01 13:52:06.992,27.5
1260,2022-12-01 13:53:09.083,27.5
1261,2022-12-01 13:54:11.175,27.5
1262,2022-12-01 13:55:13.258,27.5
1263,2022-12-01 13:56:15.350,27.5
1264,2022-12-01 13:57:17.449,27.5
1265,2022-12-01 13:58:19.553,27.5
1266,2022-12-01 13:59:21.657,27.5
1267,2022-12-01 14:00:23.765,27.5
1268,2022-12-01 14:01:25.874,27.5
1269,2022-12-01 14:02:27.978,27.5
1270,2022-12-01 14:03:30.079,27.5
1271,2022-12-01 14:04:32.184,27.5
1272,2022-12-01 14:05:34.289,27.5
1273,2022-12-01 14:06:36.403,27.5
1274,2022-12-01 14:07:38.507,27.5
1275,2022-12-01 14:08:40.610,27.5
1276,2022-12-01 14:09:42.689,27.5
1277,2022-12-01 14:10:44.797,27.5
1278,2022-12-01 14:11:46.897,27.5
1279,2022-12-01 14:12:49.008,27.5
1280,2022-12-01 14:13:51.121,27.5
1281,2022-12-01 14:14:53.229,27.5
1282,2022-12-01 14:15:55.322,27.5
1283,2022-12-01 14:16:57.442,27.5
1284,2022-12-01 14:17:59.538,27.5
1285,2022-12-01 14:19:01.621,27.5
1286,2022-12-01 14:20:03.725,27.5
1287,2022-12-01 14:21:05.831,27.5
1288,2022-12-01 14:22:07.938,27.5
1289,2022-12-01 14:23:10.042,27.5
1290,2022-12-01 14:24:12.144,27.5
1291,2022-12-01 14:25:14.256,27.5
1292,2022-12-01 14:26:16.361,27.5
1293,2022-12-01 14:27:18.462,27.5
1294,2022-12-01 14:28:20.576,27.5
1295,2022-12-01 14:29:22.679,27.5
1296,2022-12-01 14:30:24.786,27.5
1297,2022-12-01 14:31:26.886,27.5
1298,2022-12-01 14:32:28.972,27.5
1299,2022-12-01 14:33:31.075,27.5
1300,2022-12-01 14:34:33.183,27.5
1301,2022-12-01 14:35:35.282,27.5
1302,2022-12-01 14:36:37.391,27.5
1303,2022-12-01 14:37:39.497,27.5
1304,2022-12-01 14:38:41.607,27.5
1305,2022-12-01 14:39:43.702,27.5
1306,2022-12-01 14:40:45.809,27.5
1307,2022-12-01 14:41:47.922,27.5
1308,2022-12-01 14:42:50.006,27.5
1309,2022-12-01 14:43:52.091,27.5
1310,2022-12-01 14:44:54.187,27.5
1311,2022-12-01 14:45:56.288,27.5
1312,2022-12-01 14:46:58.388,27.5
1313,2022-12-01 14:48:00.490,27.5
1314,2022-12-01 14:49:02.596,27.5
1315,2022-12-01 14:50:04.698,27.5
1316,2022-12-01 14:51:06.803,27.5
1317,2022-12-01 14:52:08.908,27.5
1318,2022-12-01 14:53:11.018,27.5
1319,2022-12-01 14:54:13.119,27.5
1320,2022-12-01 14:55:15.229,27.5
1321,2022-12-01 14:56:17.338,27.5
1322,2022-12-01 14:57:19.441,27.5
1323,2022-12-01 14:58:21.544,27.5
1324,2022-12-01 14:59:23.655,27.5
1325,2022-12-01 15:00:25.757,27.5
1326,2022-12-01 15:01:27.867,27.5
1327,2022-12-01 15:02:29.977,27.5
1328,2022-12-01 15:03:32.084,27.5
1329,2022-12-01 15:04:34.185,27.5
1330,2022-12-01 03:02:39.216,27.4
1331,2022-12-01 03:03:41.323,27.4
1332,2022-12-01 03:04:43.441,27.4
1333,2022-12-01 03:05:45.562,27.4
1334,2022-12-01 03:06:47.653,27.4
1335,2022-12-01 03:09:08.314,25.9
1336,2022-12-01 03:10:12.846,25.1
1337,2022-12-01 03:11:15.007,24.9
1338,2022-12-01 03:12:17.192,24.9
1339,2022-12-01 03:13:19.357,24.8
1340,2022-12-01 03:14:21.514,24.8
1341,2022-12-01 03:15:23.702,24.8
1342,2022-12-01 03:16:25.883,24.8
1343,2022-12-01 03:17:28.052,24.8
1344,2022-12-01 03:18:30.244,24.7
1345,2022-12-01 03:19:32.412,24.7
1346,2022-12-01 03:20:34.581,24.7
1347,2022-12-01 03:21:36.755,24.7
1348,2022-12-01 03:22:38.946,24.6
1349,2022-12-01 03:23:41.101,24.6
1350,2022-12-01 03:24:43.288,24.4
1351,2022-12-01 03:55:48.033,25.6
1352,2022-12-01 03:56:50.124,25.5
1353,2022-12-01 03:57:52.224,25.5
1354,2022-12-01 03:58:54.323,25.5
1355,2022-12-01 03:59:56.417,25.5
1356,2022-12-01 04:00:58.523,25.4
1357,2022-12-01 04:02:00.625,25.4
1358,2022-12-01 04:03:02.720,25.4
1359,2022-12-01 04:04:04.813,25.4
1360,2022-12-01 04:05:06.904,25.4
1361,2022-12-01 04:06:09.004,25.4
1362,2022-12-01 04:07:11.104,25.4
1363,2022-12-01 04:08:13.199,25.3
1364,2022-12-01 04:09:15.292,25.3
1365,2022-12-01 04:10:17.386,25.3
1366,2022-12-01 04:11:19.493,25.3
1367,2022-12-01 04:12:21.575,25.3
1368,2022-12-01 04:13:23.671,25.3
1369,2022-12-01 04:14:25.754,25.3
1370,2022-12-01 04:15:27.842,25.2
1371,2022-12-01 04:16:29.927,25.3
1372,2022-12-01 04:17:32.021,25.2
1373,2022-12-01 04:18:34.143,25.2
1374,2022-12-01 04:19:36.220,25.2
1375,2022-12-01 04:20:38.323,25.2
1376,2022-12-01 04:21:40.407,25.2
1377,2022-12-01 04:22:42.498,25.2
1378,2022-12-01 04:23:44.594,25.2
1379,2022-12-01 04:24:46.700,25.2
1380,2022-12-01 04:25:48.808,25.1
1381,2022-12-01 04:26:50.894,25.0
1382,2022-12-01 04:27:52.999,25.0
1383,2022-12-01 04:28:55.094,25.0
1384,2022-12-01 04:29:57.185,24.9
1385,2022-12-01 04:30:59.276,25.0
1386,2022-12-01 04:32:01.368,24.9
1387,2022-12-01 04:33:03.457,24.9
1388,2022-12-01 04:34:05.545,24.9
1389,2022-12-01 04:35:07.647,24.9
1390,2022-12-01 04:36:09.752,24.7
1391,2022-12-01 04:37:11.835,24.5
1392,2022-12-01 04:38:13.929,24.6
1393,2022-12-01 05:09:18.652,25.3
1394,2022-12-01 05:10:20.740,25.4
1395,2022-12-01 05:11:22.823,25.3
1396,2022-12-01 05:12:24.913,25.3
1397,2022-12-01 05:13:27.008,24.8
1398,2022-12-01 05:14:29.100,25.4
1399,2022-12-01 05:15:31.192,25.4
1400,2022-12-01 05:16:33.274,25.3
1401,2022-12-01 05:17:35.368,25.3
1402,2022-12-01 05:18:37.471,25.4
1403,2022-12-01 05:19:39.569,25.3
1404,2022-12-01 05:20:41.654,25.4
1405,2022-12-01 05:21:43.748,25.4
1406,2022-12-01 05:22:45.837,25.2
1407,2022-12-01 05:23:47.936,24.8
1408,2022-12-01 05:24:50.026,25.4
1409,2022-12-01 05:25:52.113,25.4
1410,2022-12-01 05:26:54.199,25.4
1411,2022-12-01 05:27:56.287,25.4
1412,2022-12-01 05:28:58.387,25.4
1413,2022-12-01 05:30:00.474,25.2
1414,2022-12-01 05:31:02.562,24.8
1415,2022-12-01 05:32:04.650,25.4
1416,2022-12-01 05:33:06.735,25.4
1417,2022-12-01 05:34:08.827,25.3
1418,2022-12-01 05:35:10.912,25.4
1419,2022-12-01 05:36:13.000,25.4
1420,2022-12-01 05:37:15.088,25.3
1421,2022-12-01 05:38:17.180,24.8
1422,2022-12-01 05:39:19.269,25.4
1423,2022-12-01 05:40:21.354,25.4
1424,2022-12-01 05:41:23.450,25.4
1425,2022-12-01 05:42:25.548,25.3
1426,2022-12-01 05:43:27.630,25.4
1427,2022-12-01 05:44:29.713,25.4
1428,2022-12-01 05:45:31.810,24.9
1429,2022-12-01 05:46:33.905,25.4
1430,2022-12-01 05:47:36.000,25.4
1431,2022-12-01 05:48:38.092,25.4
1432,2022-12-01 05:49:40.178,25.3
1433,2022-12-01 05:50:42.267,25.4
1434,2022-12-01 05:51:44.353,25.4
1435,2022-12-01 05:52:46.433,24.9
1436,2022-12-01 05:53:48.529,25.4
1437,2022-12-01 05:54:50.615,25.4
1438,2022-12-01 05:55:52.705,25.3
1439,2022-12-01 05:56:54.789,25.3
1440,2022-12-01 05:57:56.880,25.4
1441,2022-12-01 05:58:58.968,25.4
1442,2022-12-01 06:00:01.063,24.9
1443,2022-12-01 02:51:16.011,27.4
1444,2022-12-01 02:52:18.130,27.4
1445,2022-12-01 02:53:20.241,27.4
1446,2022-12-01 02:54:22.346,27.4
1447,2022-12-01 02:55:24.467,27.4
1448,2022-12-01 02:56:26.574,27.4
1449,2022-12-01 02:57:28.687,27.4
1450,2022-12-01 02:58:30.794,27.4
1451,2022-12-01 02:59:32.901,27.4
1452,2022-12-01 03:00:35.012,27.4
1453,2022-12-01 03:01:37.112,27.4
